#
# Le 06/11/2001 : Fichier utilisé par le script admin-pub.cgi
#
# Ce fichier contient les donnée utilisées par les formulaires
# html générés par les scripts admin-pub.cgi et search-pub.cgi
#
# Ce fichier peut être lu par un grep de la forme grep -E "^CLE.*\|"
# ou bien par un fgetc(langage c).
#
# Chaque ligne significative débute par une clé de 2 caractéres suivie d'informations
# La structure des infos est la suivante : CLExxx|yyyy[|zzzzz]
#
# ATTENTION : rien ne doit être ajouté en fin de fichier!
# car des ajouts ou suppressions peuvent intervenir après le champs kw.
#
# Voici les differentes clés utilisées : 
#
# Ye - bornes de l'intervalle des années données en choix.
# St - Statut de la publication.
# Pp - type de Pré-print et affichage associé.
# Rs - type d'Abstract et affichage associé.
# Au - Liste d'auteurs Aunom|prénom nom|initiales nom|...
# Wa - Liste des auteurs qui apparaissent sur le web (moteur de recherche)
# Ed - Nom journal/publications (edition).
# Dr - domaines de recherches.
# Kw - Mots clés
#
# NB 1 : Pour avoir le dernier n° des Editeurs
# >cat info-publi.dat | grep -E "^Ed" | sed "s/^Ed//" | sort -n
#
# NB Pour ajouter une revue par exemple
#

# Intervalle des Années
Yed|1990
Yef|2017

#
# St - Statut de la publication.
# Opt supprimees le 14/01/2013
Stpub|publié
Stacc|accepté
Stsub|soumis
Stinp|sous presse


#
# Documents associés aux publications (Abstract pré-print)
## Opts supprimees le 14/01/2013
## Ppps|Format (ps)
## Pppg|Format (ps.gz)
## Rspg|Format (ps.gz)
## Rsps|Format (ps)
## Ppur|Format (url)
## Rsht|Format (html)
## Rsur|Format (url)

Ppno|- Aucun -
Pppd|Format (pdf)

Rsno|- Aucun -
Rspd|Format (pdf)

#
# Au -  nom|prénom nom|initiales(prénom) nom 
#  NB pour trier 
# cat tmpinfo.txt | awk -F'|' '{print $2 "|" $1 "|" $3 }' | sort | \
#		    awk -F'|' '{print $2 "|" $1 "|" $3 }'
#  NB tri nom prénom pour le 2nd champ
#  cat auteurs.txt | awk -F'|' '{print $2 "|" $1 "|" $3 }' | \
#           sed -e"s/\(.*\) \([^|]*\)|\([^|]*\)|\(.*\)/\3|\2 \1|\4/"
#
Auabbyad|Abbyad Paul|P. Abbyad
Auabell|Abell C.|C. Abell
Auabid|Abid Malek|M. Abid
Auadamb|Adam Boris|B. Adam
Auadams|Adams N. A.|N. A. Adams
Auahmed|Ahmed Madiha|M. Ahmed
Aualam|Alam Mahbub|M. Alam
Auantigoni|Alexandrou Antigoni|A. Antigoni
Auallain|Allain Jean-Marc|J. M. Allain
Aualon|Alon G.|G. Alon
Aualonzo|Alonzo B.|B. Alonzo
Auamandolese|Amandolèse Xavier|X. Amandolèse
Auamram|Amram Karen|K. Amram
Auamselem|Amselem Gabriel|G. Amselem
Auandrianne|Andrianne T.|T. Andrianne
Auantar|Antar Ghassan|G. Antar
Auantoinee|Antoine Elisabeth|E. Antoine
Auantoineg|Antoine Guillaume|G. Antoine
Auantoine|Antoine Maxime|M. Antoine
Auaristoff|Aristoff J. M.|J. M. Aristoff
Auarnault|Arnault N.|N. Arnault
Auarratia|Arratia Cristobal|C. Arratia
Auatallah|Atallah A.|A. Atallah
Auaugier|Augier Pierre|P. Augier
Auavila|Avila M.|M. Avila
Auayari|Ayari Anthony|A. Ayari
Auaydin|Aydin S.H.|S.H. Aydin
Aubabataheri|Babataheri Avin|A. Babataheri
Aubaboud|Baboud Lionel|L. Baboud
Aubacot|Bacot Vincent|V. Bacot
Aubadel|Badel E.|E. Badel
Aubagheri|Bagheri Shervin|S. Bagheri
Aubaier|Baier Tobias|T. Baier
Aubaj|Baj Franck|F. Baj
Aubarakat|Barakat Abdul|A. Barakat
Aubarbacci|Barbacci A.|A. Barbacci
Aubarbagallo|Barbagallo Alexandre|A. Barbagallo
Aubarois|Barois Thomas|T. Barois
Aubaroud|Baroud Charles|C. Baroud
Aubartolo|Bartolo D.|D. Bartolo
Aubassereau|Bassereau Patricia|P. Bassereau
Aubastien|Bastien R.|R. Bastien
Aubastin|Bastin S.|S. Bastin
Aubasu|Basu Roshni|R. Basu
Aubaudoin|Baudoin Michaël|M. baudoin
Aubayer|Bayer Christopher|C. Bayer
Aubelitz|Belitz Paul|P. Belitz
Aubeneddine|Beneddine S.|S. Beneddine
Aubenusiglio|Benusiglio Adrien|A. Benusiglio
Auberthet|Berthet Hélène|H. Berthet
Aubertin|Bertin G. I.|G. I. Bertin
Aubewley|Bewley Tom|T. Bewley
Aubhatt|Bhatt M.|M. Bhatt
Aubick|Bick Alison D.|A. D. Bick
Aubico|Bico José|J. Bico
Aubillant|Billant Paul|P. Billant
Aubiolley|Biolley Francis|F. Biolley
Aubird|Bird J.|J. Bird
Aublanchard|Blanchard Mathieu|M. Blanchard
Aublawzdziewicz|Blawzdziewicz J.|J. Blawzdziewicz
Aubocquet|Bocquet L.|L. Bocquet
Aubohineust|Bohineust A.|A. Bohineust
Aubohr|Bohr T.|T. Bohr
Aubondavalli|Bondavalli Paolo|P. Bondavalli
Aubonneton|Bonneton Philippe|P. Bonneton
Aulariviere|Borel de Larivière Aurélie|A. Borel de Larivière
Aubottin|Bottin Sabine|S. Bottin
Aubourguet|Bourguet R.|R. Bourguet
Aubourrianne|Bourrianne Philippe|P. Bourrianne
Auboutillon|Boutillon Xavier|X. Boutillon
Aubozsak|Bozsak Franz|F. Bozsak
Aubrachet|Brachet Marc-Etienne|M. E. Brachet
Aubrancher|Brancher Pierre|P. Brancher
Aubrandt|Brandt Luca|L. Brandt
Aubrethouwer|Brethouwer G.|G. Brethouwer
Aubrowand|Browand Frederic|F. K. Browand
Aubrun|Brun P.-T.|P.-T. Brun
Aubrunel|Brunel Eric|E. Brunel
Aubrunet|Brunet Yves|Y. Brunet
Auburnham|Burnham Daniel R.|D. R. Burnham
Aubuschv|Busch-Vishniac Ilene|I. Busch-Vishniac
Aubush|Bush John|J. Bush
Aubutet|Butet Alain|A. Butet
Aucaillaud|Caillaud Sébatien|S. Caillaud
Aucampbell|Campbell P. A.|P. A. Campbell
Aucamporeale|Camporeale C.|C. Camporeale
Aucaulfield|Caulfield Colm-Cille Patrick|C. P. Caulfield
Auchandler|Chandler G. J.|G. J. Chandler
Aucharles|Charles M.|M. Charles
Auchate|Chaté Hugues|H. Chaté
Auchevalier|Chevalier Mattias|M. Chevalier
Auchevy|Chevy F.|F. Chevy
Auchissey|Chissey A.|A. Chissey
Auchoi|Choi S-Y.|S-Y. Choi
Auchomaz|Chomaz Jean-Marc|J. M. Chomaz
Auchoquel|Choquel Maxime|M. Choquel
Auchoueib|Choueib M.|M. Choueib
Auclanet|Clanet Christophe|C. Clanet
Aucockenpot|Cockenpot H.|H. Cockenpot
Aucohen|Cohen Caroline|C. Cohen
Aucohenj|Cohen J.|J. cohen
Aucombettes|Combettes L.|L. Combettes
Auconstantinescu|Constantinescu Andrei|A. Constantinescu
Aucooper|Cooper J. M.|J. M. Cooper
Aucordero|Cordero Maria-Luisa|M. A. Cordero
Aucornat|Cornat Fran&ccedil;ois|F. Cornat
Aucossu|Cossu Carlo|C. Cossu
Aucosse|Cossé Julia|J. Cossé
Aucosta|Costa Michela|M. Costa
Aucouairon|Couairon Arnaud|A. Couairon
Aucoullet|Coullet Pierre|P. Coullet
Aucournede|Cournede P-H.|P-H.
Aucoutand|Coutand C.|C. Coutand
Aucrighton|Crighton David George|D. G. Crighton
Auczarny|Czarny Olivier|O. Czarny
Ausilva|Da Silva N.|N. Da Silva
Audandois|Dandois J.|J. Dandois
Audangla|Dangla Rémi|R. Dangla
Audarboistexier|Darbois-Texier Baptiste|B. Darbois-Texier
Audaube|Daube Olivier|O. Daube
Audauchot|Dauchot Olivier|O. Dauchot
Audaviaud|Daviaud Fran&ccedil;ois|F. Daviaud
Aucanio|De Canio Gabriele|G. De Canio
Audelangre|de Langre Emmanuel|E. de Langre
Aumaleprade|de Maleprade H.|H. de Maleprade
Auvincent|de Saint Vincent Robert|R. de Saint Vincent
Audehandschoewercker|Dehandschoewercker Eline|E. Dehandschoewercker
Audelaune|Delaune Xavier|X. Delaune
Audelbende|Delbende Ivan|I. Delbende
Audeloison|Deloison B.|B. Deloison
Audeloncle|Deloncle Axel|A. Deloncle
Audeloron|Deloron P.|P. Deloron
Audelour|Delour Jean|J. Delour
Audelville|Delville Jean-Pierre|J. P. Delville
Audepardon|Depardon S.|S. Depardon
Auloughian|Der Loughian Christelle|C. Der Loughian
Audergham|Dergham G.|G. Dergham
Audhal|Dhal J. B.|J. B. Dhal
Audiener|Diener Julien|J. Diener
Audilman|Dilman V. V.| V. V. Dilman
Audoare|Doaré Olivier|O. Doaré
Audogniaux|Dogniaux S.|S. Dogniaux
Audonnadieu|Donnadieu Claire|C. Donnadieu
Audones|Donès Nicolas|N. Donès
Audoppler|Doppler L.|L. Doppler
Audotiwala|Dotiwala F.|F. Dotiwala
Audovetta|Dovetta Nicolas|N. Dovetta
Audritschel|Dritschel D.|D. Dritschel
Audrobinski|Drobinski P.|P. Drobinski
Audrogue|Drogue Benoît|B. Drogue
Auroure|du Roure Olivia|O. du Roure
Audubois|Dubois Thierry|T. Dubois
Auviolette|Dubois-Violette Elisabeth|E. Dubois-Violette
Audubos|Dubos Thomas|T. Dubos
Audubrulle|Dubrulle Bérengère|B. Dubrulle
Auduclaux|Duclaux V.|V. Duclaux
Auduez|Duez C.|C. Duez
Auduguet|Duguet Y.|Y. Duguet
Audupeux|Dupeux Guillaume|G. Dupeux
Audupont|Dupont Pascal|P. Dupont
Auduponts|Dupont Sylvain|S. Dupont
Auduprat|Duprat Camille|C. Duprat
Audupuiswilliams|Dupuis-Williams P.|P. Dupuis-Williams
Aueckelmann|Eckelmann H.|H. Eckelmann
Auekieljezewska|Ekiel-Jezewska M. L.|M. L. Ekiel-Jezewska
Aueloy|Eloy Christophe|C. Eloy
Auetienne|Etienne Stéphane|S. Etienne
Auevain-brion|Evain-Brion D.|D. Evain-Brion
Aufabre|Fabre David|D. Fabre
Aumatteo|Facchinetti Matteo|M. Facchinetti
Aufaranda|Faranda Davide|D. Faranda
Aufarge|Farge M.|M. Farge
Aufeuillebois|Feuillebois F.|F. Feuillebois
Aufigliuzzi|Figliuzzi B.|B. Figliuzzi
Aufisch|Fisch C.|C. Fisch
Auflamant|Flamant P. H.|P. H. Flamant
Auflor|Flor Jan-Bert|J. B. Flor
Aufontaine|Fontaine Emmanuel|E. Fontaine
Aupando|Fosas de Pando Miguel Angel|M. A. Fosas de Pando
Aufoures|Foures Dimitry|D. Foures
Aufourniert|Fournier T.|T. Fournier
Aufournierleblanc|Fournier-Leblanc N.|N. Fournier-Leblanc
Aufrachisse|Frachisse J. M.|J. M. Frachisse
Aufrachon|Frachon H.|H. Frachon
Aufradet|Fradet Etienne|E. Fradet
Aufranchel|Franchel G.|G. Franchel
Aufransson|Fransson Jens H. M.|J. H. M. Fransson
Aufricout|Fricout G.|G. Fricout
Aufrot|Frot Caroline|C. Frot
Aufugmann|Fugmann H.|H. Fugmann
Aufunfak|Funfak Anette|A. Funfak
Augallaire|Gallaire Fran&ccedil;ois|F. Gallaire
Augaltier|Galtier S.|S. Galtier
Augvillalba|Garcia-Villalba M.|M. Garcia-Villalba
Augarnaud|Garnaud Xavier|X. Garnaud
Augauthier|Gauthier Anaïs|A. Gauthier
Aughil|Ghil Michael|M. Ghil
Augiannone|Giannone G.|G. Giannone
Augodoy|Godoy-Diana Ramiro|R. Godoy-Diana
Augonzalez|Gonzalez-Rodriguez David|D. Gonzalez-Rodriguez
Augosselin|Gosselin Frederick|F. Gosselin
Augouget|Gouget Cécile|C. Gouget
Augourcilleau|Gourcilleau D.|D. Gourcilleau
Augouttenoire|Gouttenoire V.|V. Gouttenoire
Augraham|Graham J. M. R.|J. M. R. Graham
Augrilli|Grilli M.|M. Grilli
Augrouthier|Grouthier Clément|C. Grouthier
Auguazzelli|Guazzelli Ellisabeth|E. Guazzelli
Auguemas|Guemas Marine|M. Guemas
Auguermond|Guermond Jean-Luc|J. L. Guermond
Auguermonprez|Guermonprez Cyprien|C. Guermonprez
Auguibourdenche|Guibourdenche J.|J. Guibourdenche
Auguillot|Guillot D.|D. Guillot
Auguillou|Guillou Lionel|L. Guillou
Augunes|Gunes Denis Z.|D. Z. Gunes
Augutfraind|Gutfraind R.|R. Gutfraind
Augutierrez|Gutierrez A|A. Gutierrez
Auguegan|Guégan Alan|A. Guégan
Auhaddad|Haddad B.|B. Haddad
Auhall|Hall B.|B. Hall
Auhamel|Hamel Amandine|A. Hamel
Auhansen|Hansen R.|R. Hansen
Auhardt|Hardt S.|S. Hardt
Auheaton|Heaton Christopher|C. Heaton
Auheil|Heil Matthias|M. Heil
Auhenningson|Henningson Dan S.|D. S. Henningson
Auherbert|Herbert S.|S. Herbert
Auhervea|Herve A.|A. Herve
Auhickel|Hickel S.|S. Hickel
Auhivroz|Hivroz Claire|C. Hivroz
Auhoepffner|Hoepffner Jérôme|J. Hoepffner
Auhof|Hof B.|B. Hof
Auhogan|Hogan Brenna|B. Hogan
Auhollands|Hollands Martin|M. Hollands
Auhollfelder|Hollfelder F.|F. Hollfelder
Auhopfinger|Hopfinger Emil|E. Hopfinger
Auhuck|Huck W.|W. Huck
Auhuebner|Huebner A.|A. Huebner
Auhuerre|Huerre Patrick|P. Huerre
Auhure|Hure J.|J. Hure
Auhuse|Huse M.|M. Huse
Auhusson|Husson Julien|J. Husson
Auhwang|Hwang Yongyun|Y. Hwang
Auhemon|Hémon Pascal|P. Hémon
Auide|Ide Kayo|K. Ide
Auizri|Izri Z.|Z. Izri
Aujacquin|Jacquin Laurent|L. Jacquin
Aujames|James J.|J. James
Aujaunet|Jaunet V.|V. Jaunet
Aujensen|Jensen K. H.|K. H. Jensen
Aujeulin|Jeulin D.|D. Jeulin
Aujimenez|Jimenez Javier|J. Jimenez
Aujin|Jin W.|W. Jin
Aujordan|Jordan P.|P. Jordan
Aujuillet|Juillet Fabien|F. Juillet
Aujulienjl|Julien J. L.|J. L. Julien
Aujulien|Julien Stéphanie|S. Julien
Aujulio|Julio Kévin|K. Julio
Aujung|Jung S.|S. Jung
Aujuniper|Juniper Matthew P.|M. P. Juniper
Aukadri|Kadri Yassin|Y. Kadri
Aukam|Kam Lance C.|L. C. Kam
Aukawahara|Kawahara G.|G. Kawahara
Aukayi|Kayi Serif Cagri|S. C. Kayi
Aukennedy|Kennedy Ian M.|I. M. Kennedy
Aukerswell|Kerswell R. R.|R. R. Kerswell
Aukida|Kida Teruhiko|T. Kida
Aukimura|Kimura Y.|Y. Kimura
Aukneller|Kneller B.|B. Kneller
Aukumarp|Kumar Praveen|P. Kumar
Aukumar|Kumar S.|S. Kumar
Aulafaurie-janvore|Lafaurie-Janvore Julie|J. Lafaurie-Janvore
Aulafont|Lafont A.|A. Lafont
Aulagha|Lagha Maher|M. Lagha
Aulagubeau|Lagubeau G.|G. Lagubeau
Aukuen|Lai Kuen R.|R. Lai Kuen
Aulandel|Landel JR| JR Landel
Aulasheras|Lasheras Juan|J. C. Lasheras
Aulauga|Lauga Eric|E. Lauga
Aulaure|Laure Patrice|P. Laure
Aulazarus|Lazarus Arnaud|A. Lazarus
Aulecunff|Le Cunff Cédric|C. Le Cunff
Auledizes|Le Dizès Stéphane|S. Le Dizès
Aufloch|Le Floc'h Audrey|A. Le Floc'h
Augoff|Le Goff A.|A. Le Goff
Aumerrer|Le Merrer Marie|M. Le Merrer
Auquere|Le Quéré Patrick|P. Le Quéré
Aulecarpentier|Lecarpentier E.|E. Lecarpentier
Auleclercq|Leclercq Tristan|T. Leclercq
Auleess|Lee S.|S. Lee
Aulegagneux|Legagneux Pierre|P. Legagneux
Aulehoucq|Lehoucq Gaëlle|G. Lehoucq
Aulemaitrec|Lemaitre Cécile|C. Lemaitre
Aulemaitre|Lemaître Ana&#235;l|A. Lemaître
Aulenne|Lenne C.|C. Lenne
Aulequeux|Lequeux François|F. Lequeux
Aulerisson|Lerisson Gaëtan|G. Lerisson
Aulesshafft|Lesshafft Lutz|L. Lesshafft
Aulil|Li L.|L. Li
Aulieberman|Lieberman J.|J. Lieberman
Aulinjm|Lin J-M. G.|J-M. G. Lin
Aulindborg|Lindborg Erik|E. Lindborg
Aulindner|Lindner Anke|A. Lindner
Aulisicki|Lisicki Maciej|M. Lisicki
Auliugy|Liu Gang-Yu|G-Y. Liu
Auliu|Liu Ying X.|Y. X. Liu
Aulobato|Lobato-Dauzier Nicolas|N. Lobato-Dauzier
Aulocher|Locher Fabien|F. Locher
Auloiseleux|Loiseleux Thomas|T. Loiseleux
Aulombardi|Lombardi M.|M. Lombardi
Aulopez|Lopez Diego|L. Lopez
Aulopezy|Lopez Yonathan|Y. Lopez
Aulorenceau|Lorenceau E.|E. Lorenceau
Aulucarini|Lucarini Valerio|V. Lucarini
Aulv|Lv Cunjing|C. Lv
Aumacdougall|Mac Dougall C.|C. Mac Dougall
Aumalmeida|Machado-Almeida Bruno|B. Machado-Almeida
Auchristoph|Mack Christoph J.|C. J. Mack
Auquentin|Magdelaine Quentin|Q. Magdelaine
Aumaleki|Maleki M.|M. Maleki
Aumanneville|Manneville Paul|P. Manneville
Aumarcq|Marcq Philippe|P. Marcq
Aumarquet|Marquet Olivier|O. Marquet
Aumarsden|Marsden A.|A. Marsden
Aumoreno|Marti-Moreno Marta|M. Marti-Moreno
Aumartinjl|Martin Jean-louis|J. L. Martin
Aumartino|Martin O.|O. Martin
Aumartinelli|Martinelli Fulvio|F. Martinelli
Aumartinezbazan|Martinez-Bazan C.|C. Martinez-Bazan
Aumasson|Masson J-B|J. b. Masson
Aumathelin|Mathelin Lionel|L. Mathelin
Aumathur|Mathur Manikandan|M. Mathur
Aumayer|Mayer H|H. Mayer
Aumckerman|Mc Kerman|Mc Kerman
Aumcginty|McGinty S.|S. McGinty
Aumcgloin|McGloin David|D. McGloin
Aumchugh|McHugh P.|P. McHugh
Aumeicc|Mei C. C.|C. C. Mei
Aumeiburg|Meiburg Eckart|E. Meiburg
Aumeliga|Meliga Philippe|P. Meliga
Aumeneghello|Meneghello Gianluca|G. Meneghello
Aumenesguen|Menesguen C.|C. Menesguen
Aumenetrier|Menetrier Laure|L. Menetrier
Aumensah|Mensah-Gourmel Johanne|J. Mensah-Gourmel
Aumichelin|Michelin Sébastien|S. Michelin
Auminoux|Minoux E.|E. Minoux
Aumodarres|Modarres-Sadeghi Yahya|Y. Modarres-Sadeghi
Aumoffatt|Moffatt Keitt|H. K. Moffatt
Aumonasson|Monasson Rémy|R. Monasson
Aumonkewitz|Monkewitz Peter|P. A. Monkewitz
Aujohnson|Montenegro-Johnson T. D.|T. D. Montenegro Johnson
Aumorgan|Morgan Joshua T.|J. T. Morgan
Aumorino|Morino Luigi|L. Morino
Aumotaal|Motaal Hatem T. Abdel|H. T. Abdel Motaal
Aumougel|Mougel Jérôme|J. Mougel
Aumoulia|Moulia Bruno|B. Moulia
Aumouterde|Mouterde Timothée|T. Mouterde
Aumuller|Muller Caroline|C. Muller
Aumullersj|Muller S. J.|S. J. Muller
Aunakanishi|Nakanishi M.|M. Nakanishi
Aunegretti|Negretti Maria-Eletta|M. E. Negretti
Aunichols|Nichols Joseph|J. Nichols
Aunicolas|Nicolas Maxime|M. Nicolas
Aunoger|Noger Christophe|C. Noger
Auobrist|Obrist D|D. Obrist
Auody|Ody Cédric|C. Ody
Auogilvie|Ogilvie G-I|G. I. Ogilvie
Auokkels|Okkels Fridolin|F. Okkels
Auolendraru|Olendraru Cornel|C. Olendraru
Auortiz|Ortiz Sabine|S. Ortiz
Auotheguy|Otheguy Pantxika|P. Otheguy
Auouvrard|Ouvrard Anne-Emmanuelle|A. E. Ouvrard
Aupark|Park Daniel|D. S. Park
Auparkj|Park Junho|J. Park
Aupasol|Pasol Laurentiu|L. Pasol
Aupaidoussis|Païdoussis Michael|M. Païdoussis
Aupellet|Pellet Frédéric|F. Pellet
Auperisanu|Perisanu Sorin|S. Perisanu
Auperkins|Perkins S. J.|S. J. Perkins
Auperret|Perret G.|G. Perret
Auperrier|Perrier Michel|M. Perrier
Aupettigrew|Pettigrew M. J.|M. J. Pettigrew
Auphalippou|Phalippou Chistian|C. Phalippou
Auphilip|Philip Jimmy|J. Philip
Aupidoux|Pidoux G.|G. Pidoux
Aupier|Pier Benoît|B. Pier
Aupiezanowski|Piezanowski J. J.|J. J. Piezanowski
Aupigeonneau|Pigeonneau F.|F. Pigeonneau
Aupiroird|Piroird Keyvan|K. Piroird
Aupiteau|Piteau Philippe|P. Piteau
Aupineirua|Piñeirua Miguel|M. Piñeirua
Aubrendan|Plapp Brendan B.|P. B.
Auploquin|Ploquin Sétphane|S. Ploquin
Aupolyanin|Polyanin A. D.| A. D. Polyanin
Auponcharal|Poncharal Philippe|P. Poncharal
Auponomarenko|Ponomarenko Alexandre|A. Ponomarenko
Aupouliquen|Pouliquen Olivier|O. Pouliquen
Aupribat|Pribat Didier|D. Pribat
Auproctor|Proctor M. R. E.|M. R. E. Proctor
Auprotiere|Protière Suzie|S. Protière
Aupuech|Puech P.H.|P. H. Puech
Aupujals|Pujals Grégory|G. Pujals
Aupurcell|Purcell Stephen|S. Purcell
Aupust|Pust O.|O. Pust
Auputot|Putot Claude|C. Putot
Aupy|Py Charlotte|C. Py
Auquadrio|Quadrio Mauricio|M. Quadrio
Auquered|Quere David|D. Quere
Auragwitz|Ragwitz Mario|M. Ragwitz
Auramaiolo|Ramaiolo M.|M. Ramaiolo
Auraphael|Raphael E.|E. Raphael
Auraux|Raux Pascal|P. Raux
Auchakravarthy|Ravilla Vamsi Krishna Chakravarthy|R. V. K. Chakravarthy
Auredekopp|Redekopp Larry|L.G. Redekopp
Auregardin|Regardin Clotilde|C. Regardin
Aureis|Reis P.|P. Reis
Aurenaut|Renaut N.|N. Renaut
Aurestagno|Restagno F.|F. Restagno
Aureverdy|Reverdy P.|P. Reverdy
Aureveret|Reveret Lionel|L. Reveret
Aureyssat|Reyssat M.|M. Reyssat
Aurichard|Richard D.|D. Richard
Auridolfi|Ridolfi L.|L. Ridolfi
Aurieutord|Rieutord Michel|M. Rieutord
Auriley|Riley J. J.|J. J. Riley
Aurincon|Rincon François|F. Rincon
Aurio|Rio E.|E. Rio
Auriverin|Riverin J. L.|J. L. Riverin
Aurobinet|Robinet Jean-christophe|J. C. Robinet
Aurodriguez|Rodriguez Mathieu|M. Rodriguez
Auroeckeldrevet|Roeckel-Drevet P.|P. Roeckel-Drevet
Aurolfsnes|Rolfsnes H. O.|H. O. Rolfsnes
Aurolland|Rolland Joran|J. Rolland
Auroman|Roman Benoît|B. Roman
Aurossi|Rossi Maurice|M. Rossi
Aurott|Rott Stéphanie|S. Rott
Auruith|Ruith Michael|M. Ruith
Auruyer|Ruyer-Quil Christian|C. Ruyer-Quil
Ausagaut|Sagaut Pierre|P. Sagaut
Ausaitakis|Saitakis M.|M. Saitakis
Ausalomon|Salomon L. J.|L. J. Salomon
Ausalsac|Salsac Anne-Virginie|A. V. Salsac
Ausamuelides|Samuelides M.|M. Samuelides
Ausanmiguelrojas|Sanmiguel-Rojas E.|E. Sanmiguel-Rojas
Ausanti|Santi Francoise|F. Santi
Ausart|Sart Sébastien|S. Sart
Ausaudreau|Saudreau Marc|M. Saudreau
Ausauret|Sauret Alban|A. Sauret
Ausavage|Savage Stuart|S. B. Savage
Auscarano|Scarano F.|F. Scarano
Auscheid|Scheid Benoît|B. Scheid
Auschindler|Schindler D.|D. Schindler
Auschlatter|Schlatter Philipp|P. Schlatter
Auschmid|Schmid Peter|P. J. Schmid
Auschuller|Schuller T.|T. Schuller
Auschulze|Schulze Jan|J. Schulze
Auschuster|Schuster M.|M. Schuster
Auschwartz|Schwartz Martin|M. Schwartz
Auschonborn|Schönborn J.|J. Schönborn
Auseiwert|Seiwert Jacopo|J. Seiwert
Ausellier|Sellier Antoine|A. Sellier
Ausemeraro|Semeraro Onofrio|O. Semeraro
Auseo|Seo T.|T. Seo
Auserre|Serre E.|E. Serre
Auseshasyanan|Seshasyanan K.|K. Seshasyanan
Aujorn|Sesterhenn Jörn L.|J. L. Sesterhenn Jörn
Ausevilla|Sevilla A.|A. Sevilla
Aushe|SHE Zhen-Su|Z-S. SHE
Aumanzoor|Shehryar Manzoor Muhammad|S. Manzoor-Muhammad
Aushimizu|Shimizu M.|M. Shimizu
Ausingh|Singh Kiran|K. Singh
Ausipp|Sipp Denis|D. Sipp
Ausong|Song Yu|Y. Song
Ausoto|Soto Dan|D. Soto
Ausoundar|Soundar Jerome Joseph John|J. J. J. Soundar
Ausparks|Sparks Steven R.|S. R. Sparks
Auspatz|Spatz H. A.|H. A. Spatz
Austegner|Stegner Alexandre|A. Stegner
Austernberger|Sternberger Z.|Z. Sternberger
Austone|Stone Howard A.|H. A. Stone
Ausungwan|Sungwan S|S. Sungwan
Auswinney|Swinney Harry L.|H. L. Swinney
Ausymon|Symon Sean|S. Symon
Auszydlowski|Szydlowski Julien|J. Szydlowski
Autabeling|Tabeling Patrick|P. Tabeling
Autaccoen|Taccoen Nicolas|N. Taccoen
Autadrist|Tadrist Loïc|L. Tadrist
Autalamelli|Talamelli Alessandro|A. Talamelli
Autareste|Tareste David|D. Tareste
Auterracol|Terracol M.|M. Terracol
Autharaux|Tharaux Pierre-Louis|P. L. Tharaux
Autheckes|Theckes Benoît|B. Theckes
Autheron|Theron Alain|A. Theron
Autian|Tian Yudong|Y. Tian
Autilley|Tilley Burt|B. Tilley
Autourkine|Tourkine P.|P. Tourkine
Autsatsaris|Tsatsaris V.|V. Tsatsaris
Autsikata|Tsikata Sedina|S. Tsikata
Auueda|Ueda Yoshiaki|Y. Ueda
Auurbach|Urbach J. S.|J. S. Urbach
Auvallet|Vallet D.|D. Vallet
Aulindern|Van der Lindern M. N.|M. N. Van der Lindern
Auverga|Verga A.|A. Verga
Auverneuil|Verneuil Emilie|E. Verneuil
Auverttiquintero|Vertti-quintero Nadia|N. Vertti-quintero
Auvesipa|Vesipa R.|R. Vesipa
Auviaud|Viaud B.|B. Viaud
Auvieillefosse|Vieillefosse S.|S. Vieillefosse
Auvillard|Villard B.|B. Villard
Auvillermaux|Villermaux E.|E. Villermaux
Auvincentp|Vincent Pascal|P. Vincent
Auviolato|Violato D.|D. Violato
Auvioletter|Violette Rémi|R. Violette
Auvirot|Virot Emmanuel|E. Virot
Auvogt|Vogt R.|R. Vogt
Auvos|Vos Marten|M. Vos
Auvyazmina|Vyazmina Elena|E. Vyazmina
Auwajnryb|Wajnryb E.|E. Wajnryb
Auwallace|Wallace D.|D. Wallace
Auwangkh|Wang Kang-Hsin|K-H. Wang
Auwang|Wang X. C.|X. C. Wang
Auweeks|Weeks Eric R.|E. R. Weeks
Auweidman|Weidman Patrick|P. Weidman
Auwexler|Wexler Jason S.|J. S. Wexler
Auwhidborne|Whidborne J. F.|J. F. Whidborne
Auwhitlock|Whitlock Benjamin M.|BM. Whitlock
Auwillaime|Willaime Hervé|H. Willaime
Auwilliamson|Williamson Charles|C. H. K. Williamson
Auwillis|Willis Ashley|A. Willis
Auwojciechowski|Wojciechowski Jan|J. Wojciechowski
Auwood|Wood Kristin|K. Wood
Auwouters|Wouters Jeroen|J. Wouters
Auwu|Wu Xuesong|X. Wu
Auwunenburger|Wunenburger Régis|R. Wunenburger
Auxavier|Xavier S.|S. Xavier
Auxia|Xia Yifan|Y. Xia
Auyamada|Yamada Ayako|A. Yamada
Auyangg|Yang Guohua|G. Yang
Auyang|Yang Ruixin|R. Yang
Auyariv|Yariv E.|E. Yariv
Auybert|Ybert C.|C. Ybert
Auyim|Yim Eunok|E. Yim
Auzagnoni|Zagnoni M.|M. Zagnoni
Auzhou|Zhou Yu|Y. Zhou
Auziaei|Ziaei A.|A. Ziaei
Auzimmer|Zimmer Christopher C.|C. C. Zimmer


# Web Autors
# Wa -  nom|prénom nom|initiales(prénom) nom
#
#
Waamandolese|Amandolèse Xavier|X. Amandolèse
Waamselem|Amselem Gabriel|G. Amselem
Waarratia|Arratia Cristobal|C. Arratia
Waaugier|Augier Pierre|P. Augier
Wababataheri|Babataheri Avin|A. Babataheri
Wabarakat|Barakat Abdul|A. Barakat
Wabaroud|Baroud Charles|C. Baroud
Wabenusiglio|Benusiglio Adrien|A. Benusiglio
Wabillant|Billant Paul|P. Billant
Wablanchard|Blanchard Mathieu|M. Blanchard
Wabourrianne|Bourrianne Philippe|P. Bourrianne
Wabozsak|Bozsak Franz|F. Bozsak
Wabrancher|Brancher Pierre|P. Brancher
Wachakravarthy|Ravilla Vamsi Krishna Chakravarthy|R. V. K. Chakravarthy
Wachomaz|Chomaz Jean-Marc|J. M. Chomaz
Waclanet|Clanet Christophe|C. Clanet
Wacohen|Cohen Caroline|C. Caroline
Wacornat|Cornat Fran&ccedil;ois|C. Cornat
Wacossu|Cossu Carlo|C. Cossu
Wacouairon|Couairon Arnaud|A. Couairon
Wadangla|Dangla Rémi|D. Rémi
Wadarboistexier|Darbois-Texier Baptiste|B. Darbois-Texier
Wadehandschoewercker|Dehandschoewercker Eline|E. Dehandschoewercker
Wadelangre|de Langre Emmanuel|E. de Langre
Wadelbende|Delbende Ivan|I. Delbende
Wadeloncle|Deloncle Axel|A. Deloncle
Wadoare|Doaré Olivier|O. Doaré
Wadonnadieu|Donnadieu Claire|C. Donnadieu
Wadovetta|Dovetta Nicolas|N. Dovetta
Wadupeux|Dupeux Guillaume|G. Dupeux
Waduprat|Duprat Camille|C. Duprat
Wafradet|Fradet Etienne|E. Fradet
Wafrot|Frot Caroline|C. Frot
Wagallaire|Gallaire Fran&ccedil;ois|F. Gallaire
Wagarnaud|Garnaud Xavier|X. Garnaud
Wagauthier|Gauthier Anaïs|A. Gauthier
Wagodoy|Godoy-Diana Ramiro|R. Godoy-Diana
Wagouget|Gouget Cécile|C. GOUGET
Wagrouthier|Grouthier Clément|C. Grouthier
Waguegan|Guégan Alan|A. Guégan
Waguemas|Guemas Marine|M. Guemas
Waguermonprez|Guermonprez Cyprien|C. Guermonprez
Waguillou|Guillou Lionel|L. Guillou
Wahemon|Hémon Pascal|P. Hémon
Wahogan|Hogan Brenna|B. Hogan
Wahuerre|Huerre Patrick|P. Huerre
Wahusson|Husson Julien|J. Husson
Wajuillet|Juillet Fabien|F. Juillet
Wajulien|Julien Stéphanie|S. Julien
Walagha|Lagha Maher|M. Lagha
Waleclercq|Leclercq Tristan|T. Leclercq
Waledizes|Le Dizès Stéphane|S. Le Dizès
Walemaitrec|Lemaitre Cécile|C. Lemaitre
Walemaitre|Lemaître Ana&#235;l|A. Lemaître
Walesshafft|Lesshafft Lutz|L. Lesshafft
Waloiseleux|Loiseleux Thomas|T. Loiseleux
Walopez|Lopez Diego|L. Lopez
Waloughian|Der Loughian Christelle|C. Der Loughian
Wamaleprade|de Maleprade Hélène|H. de Maleprade
Wamanneville|Manneville Paul|P. Manneville
Wamanzoor|Manzoor Sheryar|S. Manzoor
Wamatteo|Facchinetti Matteo|M. Facchinetti
Wameneghello|Meneghello Gianluca|G. Meneghello
Wamensah|Mensah-Gourmel Johanne|J. Mensah-Gourmel
Wamerrer|Le Merrer Marie|M. Le Merrer
Wamichelin|Michelin Sébastien|S. Michelin
Wamouterde|Mouterde Timothée|T. Mouterde
Wamuller|Muller Caroline|C. Muller
Wanegretti|Negretti Maria-Eletta|M. E. Negretti
Waolendraru|Olendraru Cornel|C. Olendraru
Waortiz|Ortiz Sabine|S. Ortiz
Waotheguy|Otheguy Pantxika|P. Otheguy
Wapando|Fosas de Pando Miguel Angel| M. A. Fosas de Pando
Waparkj|Park Junho|J. Park
Wapier|Pier Benoît|B. Pier
Wapiroird|Piroird Keyvan|K. Piroird
Waponomarenko|Ponomarenko Alexandre|A. Ponomarenko
Wapouliquen|Pouliquen Olivier|O. Pouliquen
Wapujals|Pujals Grgory|G. Pujals
Wapy|Py Charlotte|C. Py
Waraux|Raux Pascal|P. Raux
Warolland|Rolland Joran|J. Rolland
Waruyer|Ruyer-Quil Christian|C. Ruyer-Quil
Wasalsac|Salsac Anne-Virginie|A. V. Salsac
Waschmid|Schmid Peter|P. J. Schmid
Waseiwert|Seiwert Jacopo|J. Seiwert
Wasellier|Sellier Antoine|A. Sellier
Wasoto|Soto Dan|D. Soto
Wasoundar|Soundar Jerome Joseph John|J. J. J. Soundar
Watadrist|Tadrist Loïc|L. Tadrist
Wavirot|Virot Emmanuel|E. Virot
Waxia|Xia Yifan|Y. Xia
Wayim|Yim Eunok|E. Yim




# Sections modifables par le script Dr et Ed.
# ATTENTION ne rein ajoute aprés cette section !!!!
Ed0|
Ed53|Aerospace Science and Technology
Ed54|Agricultural and Forest Meteorology
Ed66|American Journal of Botany
Ed93|Analytical Chemistry
Ed118|Annals of Biomedical Engineering
Ed56|Annals of Vascular Surgery
Ed2|Annual Review of Fluid Mechanics
Ed67|Applied Mechanic Review
Ed68|Applied Physics Letters
Ed32|ASME Journal of Pressure Vessel Technology
Ed69|Astronomische Nachrichten
Ed63|Astronomy & Astrophysics
Ed99|Bioinspiration and Biomimetics
Ed111|Biomechanics and Modeling In Mechanobiology
Ed119|Biomedical Microdevices
Ed83|Biomicrofluidics
Ed105|Biophysical Journal
Ed123|Bulletin of JSME, Mechanical Engineering Reviews
Ed22|Canadian Journal of Mathematics
Ed117|Cell
Ed103|Chaos, Solitons & Fractals
Ed52|Comptes Rendus de Physique
Ed4|Comptes-Rendus de l'Académie des Sciences, Paris
Ed40|Comptes-Rendus Mécanique
Ed121|Computational & Applied Mechanics
Ed41|Computational Mechanics
Ed74|Computer Graphics Forum
Ed62|Computer Methods in Applied Mechanics and Engineering
Ed73|Computer Modeling in Engineering and Sciences
Ed89|Computers & Fluids
Ed94|Computers & Geosciences
Ed60|Computers and Structures
Ed16|Dynamics of Atmospheres and Oceans
Ed85|EPL - Europhysics Letters
Ed131|European Journal of Computational Mechanics
Ed37|European Journal of Mechanics A/Solids
Ed31|European Journal of Mechanics B/Fluids
Ed30|European Physical Journal B
Ed25|Europhysics Letters
Ed5|Experiments in Fluids
Ed58|Far East Journal of Applied Mathematics
Ed90|Faraday Discussions
Ed34|Flow Turbulence and Combustion
Ed81|Fluid Dynamics Research
Ed130|Fluids Structure Interactions in Low-Reynolds Number Flow
Ed8|Geophysical and Astrophysical Fluid Dynamics
Ed120|Hypertension
Ed33|IMA Journal of Applied Mathematics
Ed114|Integrative Biology
Ed70|International Journal for Numerical Methods in Fluids
Ed132|International Journal of Bifurcation and Chaos
Ed51|International Journal of Heat and Fluid Flow
Ed75|International Journal of Mechanical Science
Ed55|International Journal of Solids and Structures
Ed20|Journal de Physique II (France)
Ed48|Journal of Acoustical Society of America
Ed36|Journal of Applied Mechanics
Ed47|Journal of Biomechanical Engineering
Ed65|Journal of Biomechanics
Ed91|Journal of Climate
Ed61|Journal of Colloid and Interface science
Ed92|Journal of Computational and Applied Mathematics
Ed28|Journal of Computational Physics
Ed24|Journal of Energy Ressource Technology
Ed1|Journal of Fluid Mechanics
Ed29|Journal of Fluids and Structures
Ed125|Journal of Geophysical Reasearch-Atmospheres
Ed15|Journal of Mathematical Analysis and Applications
Ed101|Journal of Mathematical Biology
Ed78|Journal of Mathematics in Industry
Ed113|Journal of Mechanics of Materials and Structures
Ed9|Journal of Mechanics
Ed84|Journal of Physical D: Applied Physics
Ed72|Journal of Physics
Ed35|Journal of Sound and Vibration
Ed46|Journal of Statistical Physics
Ed128|Journal of the Royal Society Interface
Ed96|Journal of Theoretical Biology
Ed10|Journal of Tribology
Ed39|Journal of Vibrations and Acoustics
Ed57|Journal of Wind Engineering and Industrial Aerodynamics
Ed43|JSME International Journal
Ed38|La Houille Blanche
Ed64|Lab on Chip
Ed124|Lancet
Ed71|Langmuir
Ed110|Leonardo
Ed50|Magneto-hydrodynamics
Ed27|Mathematical Proceedings of the Cambridge Philosophical Society
Ed98|Medical Engineering and Physics
Ed122|Molecular Biology of the Cell
Ed102|Nature Communications
Ed95|Nature Physics
Ed26|Nature
Ed88|New journal of Physics
Ed127|Nonlinear Dynamics: Materials, Theory and Experiments
Ed42|Nonlinear Phenomena in Complex Systems
Ed44|Oil and Gas Science and Technology (IFP)
Ed18|Philosophical Transactions A of the Royal Society of London
Ed21|Philosophical Transactions of the Royal Society of London
Ed17|Physica A
Ed14|Physica D
Ed109|Physical Review Applied
Ed100|Physical Review B
Ed19|Physical Review E
Ed126|Physical Review Fluids
Ed6|Physical Review Letters
Ed115|Physical Review X
Ed13|Physics of Earth and Planetary Interiors
Ed7|Physics of Fluids A
Ed12|Physics of Fluids
Ed107|Plant Science
Ed112|Plos One
Ed45|Powder Technology
Ed86|PRAMANA - Journal of Physics
Ed76|Proceedings of the National Academy of Sciences
Ed82|Proceedings of the Royal Society A
Ed23|Proceedings of the Royal Society of London
Ed59|Progress of Theoretical Physics Supplements
Ed11|Quarterly Journal of Applied Mathematics
Ed104|Scientific Reports
Ed79|Sensors and Actuators B: Chemical
Ed97|Signaling and Communication in Plants
Ed116|Smart Materials and Structures
Ed80|Soft Matter
Ed3|Studies in Applied Mathematics
Ed108|The European Physical Journal E
Ed77|The Journal of Experimental Biology
Ed49|Theoretical and Computational Fluid Dynamics
Ed87|Theoretical Foundations of Chemical Engineering
Ed106|Wind and Structures


Dr0||
Dr1|Jets et tourbillons|Jets and vortices
Dr2|Désordre spatio-temporel|Spatio-temporal disorder
Dr3|Théorie de l'instabilité|Hydrodynamic Stability Theory
Dr4|Ecoulements géophysiques|Geophysical Flows
Dr5|Interaction Fluide-Structure|Flow-Struture Interactions
Dr6|Couches de mélange|Mixing layers
Dr7|Ecoulements à faible nombre de Reynolds|Low-Reynolds-number flows
Dr8|Aéroacoustique|Aeroacoustics
Dr9|Contrôle des écoulements|Flow Control
Dr10|Instabilité de couche limite|Boundary-Layer Instabilities
Dr11|Divers|Miscellaneous
Dr12|Microfluidique|Microfluidics
Dr13|Biomécanique|Biomechanics
Dr14|Matière molle|Soft Matter

Kw1|Absolute convective instability
Kw15|Aeroelasticity
Kw18|biomechanics
Kw8|boundary layer instability
Kw5|Dynamics
Kw7|eliptic hyperbolic instability
Kw9|flow control
Kw3|Fluid-conveying pipe
Kw13|Holmboe instability
Kw4|Local&#47;global instability
Kw14|Mixing layer
Kw2|Pattern selection
Kw6|secondary instability
Kw16|stratified flows
Kw12|Transition to turbulence
Kw11|Two-phase flow
Kw17|vortex dynamics
Kw10|Vortex-induced vibrations
